id;nom;adresse;numero_telephone;pays;ville;vue_s;capacite;notation;lien_unique
1;loudly turbulent joshingly;climb supposing dismantle;31927;victoriously certificate;than and scream;oily slang;40;stick than hassock;wrong hasty
2;victoriously than;oddly abase;20750;bare loudly;contemplate shrilly;pork view;20429;reappoint daily croup;boohoo
3;educate;kimono;13653;past boo;phooey;towards eek cuddly;239;suddenly;tight
4;elementary healthily;demanding offset;17402;blah freely quarrelsomely;homely;between;32136;descent huzzah stud;sauce
5;overlooked after defiant;yippee;30571;evaluator;who impeccable;vitamin scared;30090;why;quicker
6;revival supposing;smash;2198;characterization accidentally health;cleverly;outperform yowza;6129;ill up;fumbling kind
7;concerning;yum ha till;171;why boot because;dark unless from;pish moment glider;9490;sans;excepting sphere waft
8;tugboat irresponsible;inasmuch per delightfully;29155;spokesman angry ha;halloween playful regarding;however;17914;scratchy empty;blogger likewise
9;yet um rose;duh;9640;seagull athwart astride;joyously repeatedly;policeman;10137;currency;demist unaccountably
10;evenly now;dearest sturdy likewise;10182;huzzah;geez if shabby;huzzah improvise broadly;23622;oof quickly;within advanced
