id;montant;date_paiement;methode_paiement;token;transaction_id;description;statut_paiement
1;6478.83;2024-08-05T06:21:11;inferior silently titivate;aw;warfare since;throughout;Reussi
2;28932.54;2024-08-04T21:46:06;impossible icky;furthermore incidentally out;if fedelini;spill mmm;Reussi
3;29366.57;2024-08-04T23:43:42;below ouch fast;yuck;who highly;common;Reussi
4;21122.89;2024-08-04T23:47:18;outside phooey yearly;under oof indeed;chafe;romp hm;Echoue
5;23857.58;2024-08-05T00:02:29;oof nutty whose;fussy;finally surprisingly wonderful;hence;Reussi
6;14918.83;2024-08-04T22:19:22;ultimate aha;representation consequently meanwhile;aw;whoa wobbly;Echoue
7;518.97;2024-08-04T19:53:47;potentially brightly;like pish;times rein svelte;gravitas hard awful;Echoue
8;11927.92;2024-08-05T09:15:04;hairy;deejay failing;dawn swift;giggle stormy deceivingly;Echoue
9;17801.75;2024-08-04T15:51:16;gadzooks ouch which;deadly;inwardly obnoxiously notwithstanding;roll;Echoue
10;12333.59;2024-08-04T20:55:36;compact tart for;till gosh whenever;scrunch;unbearably;Echoue
