id;color_schema;logo;banner;date_creation;date_modify
1;circa;ick;dismiss;2024-08-04T12:40:03;2024-08-05T03:36:35
2;speedily gently;anarchist negligible;for mellow;2024-08-04T11:56:20;2024-08-04T15:30:05
3;if isolate or;yet er;moai seemingly sanction;2024-08-04T23:53:41;2024-08-04T16:29:41
4;whether those photoshop;fondly;voice;2024-08-05T09:55:35;2024-08-05T07:21:24
5;toward deliberately cavernous;behind;throughout lovingly ick;2024-08-05T05:44:05;2024-08-05T10:18:51
6;enlightened elucidate;jumpy smarten vault;certainly;2024-08-05T07:06:49;2024-08-04T20:38:16
7;round zowie;for drat;realization considering CD;2024-08-05T06:52:41;2024-08-04T10:46:47
8;meh hence;dearly;below hopeful excellent;2024-08-05T05:32:20;2024-08-05T01:55:50
9;awkwardly;dreary;ack;2024-08-04T15:18:28;2024-08-04T12:55:20
10;uh-huh woot delightfully;boo scoff whoa;after hie;2024-08-04T16:21:27;2024-08-05T00:14:22
